user_opinions,sentiment
"Actually, Kinematics is the detailed structure of the robot arm. It helps to describe the position of the end effecter with reference to the base point. ",positive
The interconnection of the lecture series was good,positive
The movement of the robot arm end effector with reference to the base point,positive
Practical based case study is proper,positive
Actively engaged with the material and listened during the lecture,positive
"Yes, I solved to develop DH table for manipulator",positive
It can be acceptable ,positive
He explained theory through case based study,positive
It was good,positive
It was average,positive
"He asked some practical based question, which were useful",positive
Thank you for your understanding,positive
Frequently asked some practical based questions,positive
Learning centered education ,positive
"Yes, It oriented to the learning with self study",positive
"It was actually good, by the way",positive
I learned a lot from the lecture,positive
We learned many things through the discussions in the class,positive
The professor encouraged the discussion with him and the peers,positive
Thank you for your understanding,positive
Thank you for your suggestions,positive
Thank you very much,positive
Thanks for saying that,positive
Yeah that is actually a good advice,positive
Really that was a good suggestion ,positive
The lecture was more towards practical based that helped me a lot to understand the real word application of the theory,positive
It is practical based,positive
Yeah the lecture contents were good,positive
The lecture experience was good,positive
"No worries, thank you for your suggestions",positive
That study tip is really useful,positive
The interconnection of the lecture series was well-structured.,positive
Practical case studies were effectively integrated.,positive
I was actively engaged with the material throughout the lecture.,positive
The lecture was acceptable and informative.,positive
Theory was explained clearly through case-based studies.,positive
"Overall, the lecture was good.",positive
"The lecture quality was average, but still beneficial.",positive
Practical-based questions were useful and thought-provoking.,positive
Thank you for your understanding and support.,positive
The frequent practical questions helped reinforce the concepts.,positive
The focus on learning-centered education was evident.,positive
The lecture encouraged self-study and independent learning.,positive
It was actually a good lecture.,positive
I learned a lot from the session.,positive
Classroom discussions were very informative.,positive
The professor encouraged interaction with both him and peers.,positive
Thank you for your understanding and patience.,positive
Thank you for your helpful suggestions.,positive
Thank you very much for the insightful lecture.,positive
Thanks for the valuable feedback.,positive
That advice was truly beneficial.,positive
The suggestion was really good and helpful.,positive
The practical focus of the lecture helped me understand real-world applications.,positive
The lecture had a strong practical orientation.,positive
The lecture content was good and relevant.,positive
"Overall, the lecture experience was positive.",positive
"No worries, thank you for your suggestions.",positive
That study tip is really useful and appreciated.,positive
"Ok I'm ready, let's talk about the lecture",positive
"Hi, it was good.",positive
Studied about Markov Process.,positive
"Markov chain is related to the dependent probability, but when it is a Markov chain, the next state only depends on the previous state.",positive
I understood very clearly.,positive
The material was same as before. All the previous lectures had detailed lecture materials.,positive
The state of raining tomorrow only depending on the state of raining today. This is the dependency.,positive
He had done some tutorials and the existing findings.,positive
The lecture was interesting because it had covered some amazing Mathematical concepts.,positive
"Studying Time series and Stochastic processes, helps in understanding statistical models as well as forecasting techniques.",positive
I didn't have any inconvenience as the lecturer was very friendly and the module was well structured as well as interesting.,positive
"In a case where the Markov chain is needed to be applied, and find the probability, I can distinguish such situations and do the methodologies I studied.",positive
There were some discussions about infinity and those were insightful.,positive
"The stock market and weather, in some ways, depends on the time series and this can be relatable.",positive
Yes he was covering the syllabus on time.,positive
"Yes, sufficient materials were given as PDFs including lecture notes, tutorials, and past papers.",positive
Yes it was fully covered.,positive
"Yes, there were simple and complicated examples, which made understanding easier.",positive
Really good. Got lot of experiences for my future career,positive
How to handle the motor drives with STM microcontroller,positive
Learned bimanual motor controlling STM32 microcontroller according to the control system,positive
we were advised to work with ELMO motor drive. It was a challenge to control the EC motors using ELMO motor drive,positive
Not much covered all the things. We had to find our own methods,positive
We can use this bimanual coordination to help the paralyzed patients ,positive
Yes. mentioned some of them.,positive
This method can be applied for different scenarios like controlling two motors parallelly,positive
These are all I learned,positive
Yes. Lecture series is connected series. the final outcome is to create a physical design using bimanual coordination,positive
Yes. We discussed lot of applications and got experiences as well,positive
really good,positive
yes. got clear instructions when we learned it,positive
she did properly from beginning to end,positive
she appreciated every time our work and encouraged us,positive
She is kind and always say feel free to ask questions,positive
really good,positive
answering questions and engaging frequently is good,positive
no any inconvenience,positive
always interact with students,positive
it is very effective,positive
"when we found a trouble in any concept, she explained it",positive
really good. explained lot,positive
We studied about control systems,positive
We learnt lot during the lecture,positive
Clear and engaging presentation.,positive
Well-organized content.,positive
Interactive and student-friendly.,positive
Thorough explanations of complex topics.,positive
Encouraged open discussion.,positive
Practical examples and applications.,positive
Timely and efficient delivery.,positive
Helpful and approachable professor.,positive
Excellent use of visual aids.,positive
Encouraged critical thinking.,positive
Effective time management.,positive
Real-world case studies.,positive
Strong connection with students.,positive
Promptly addressed questions.,positive
Encouraged active participation.,positive
Provided useful handouts and materials.,positive
Created a positive learning environment.,positive
Inspired interest in the subject.,positive
He gave us some insights to think about and it was helpful.,positive
Yes they were useful.,positive
Time series and stochastics can relate to the daily problems and they help in solving them.,positive
I didn't have any inconvenience.,positive
"Yes, application such as weather forecast is said as example. ",positive
"He was coming on time, finished the syllabus within time and had concerns for every student.",positive
"Yes, they were given often.",positive
He encouraged everyone to ask questions and gave time for it.,positive
Lecturer was giving a freedom so that many will participate.,positive
Often during the lecture. He appreciates asking questions any time as well as answering his questions.,positive
Well that was good,positive
He pauses between the lectures often to listen to students' concerns.,positive
They helped us in having a clear idea and studying the techniques.,positive
"As the student responses were positive, he continued his way of teaching.",positive
"Pausing while the lecture, asking students for their questions, actively and positively answering the questions of the students.",positive
I was encouraged to ask questions after the lectures to him and study well.,positive
Vey much accessible.,positive
He wasn't restricting anyone asking any questions. ,positive
"Yes, it was consistent and fast enough to learn properly.",positive
"Yes, he was teaching in an understandable pace and re explained the topics when asked or needed.",positive
Black and white board as well as the PDFs.,positive
Yes he was using a mic so that everyone can hear it.,positive
The lecture was very clear,positive
"Yes, he did examples when they are hard concepts.",positive
The lecture was very useful.,positive
This lecture series can help in understanding some interesting real life scenarios.,positive
No inconveniences.,positive
He explained again and again until I cleared the doubts.,positive
He was considering them and trying to interact with the students more.,positive
He covered various areas of examples.,positive
Clear and engaging presentation.,positive
Well-organized content.,positive
Interactive and student-friendly.,positive
Thorough explanations of complex topics.,positive
Encouraged open discussion.,positive
Practical examples and applications.,positive
Timely and efficient delivery.,positive
Helpful and approachable professor.,positive
Excellent use of visual aids.,positive
Encouraged critical thinking.,positive
Effective time management.,positive
Real-world case studies.,positive
Strong connection with students.,positive
Promptly addressed questions.,positive
Encouraged active participation.,positive
Provided useful handouts and materials.,positive
Created a positive learning environment.,positive
Inspired interest in the subject.,positive
Clear and concise language.,positive
Encouraged collaboration among students.,positive
Engaging storytelling technique.,positive
Strong grasp of subject matter.,positive
Provided additional resources for learning.,positive
Fostered a supportive classroom atmosphere.,positive
Made complex topics accessible.,positive
Used humor to keep the class engaged.,positive
Showed enthusiasm for the subject.,positive
Encouraged out-of-the-box thinking.,positive
Demonstrated practical applications.,positive
Used diverse teaching methods.,positive
Provided real-time feedback.,positive
Allowed time for reflection.,positive
Created an inclusive environment.,positive
Demonstrated patience with questions.,positive
Emphasized key points effectively.,positive
Incorporated multimedia resources.,positive
Maintained a steady pace.,positive
Provided a clear summary at the end.,positive
Encouraged peer learning.,positive
Emphasized critical analysis.,positive
Adapted to student needs.,positive
Used effective questioning techniques.,positive
Connected theory to practice.,positive
Demonstrated subject passion.,positive
Fostered a growth mindset.,positive
Used relatable examples.,positive
Incorporated student feedback.,positive
Created a safe space for questions.,positive
Reinforced learning through repetition.,positive
Encouraged curiosity.,positive
Provided a structured approach.,positive
Used case studies effectively.,positive
Emphasized the importance of the subject.,positive
Created engaging activities.,positive
Used effective transitions between topics.,positive
Highlighted important concepts.,positive
Created a motivating learning environment.,positive
Used analogies to explain concepts.,positive
Encouraged self-directed learning.,positive
Provided real-world connections.,positive
Gave constructive feedback.,positive
Used interactive tools effectively.,positive
Created a collaborative atmosphere.,positive
Encouraged student presentations.,positive
Emphasized problem-solving skills.,positive
Created clear learning objectives.,positive
Encouraged reflective thinking.,positive
Used technology effectively.,positive
Provided diverse perspectives.,positive
Encouraged critical discussions.,positive
Emphasized application of knowledge.,positive
Created an engaging narrative.,positive
Used diagrams effectively.,positive
Provided practical assignments.,positive
Encouraged independent research.,positive
Used real-life scenarios.,positive
Demonstrated clarity in explanations.,positive
Provided a supportive environment.,positive
Used effective examples.,positive
Created a dynamic learning experience.,positive
Encouraged active listening.,positive
Provided opportunities for hands-on learning.,positive
Used thought-provoking questions.,positive
Emphasized understanding over memorization.,positive
Created a respectful learning environment.,positive
Encouraged analytical thinking.,positive
Used engaging teaching aids.,positive
Provided detailed explanations.,positive
Emphasized interdisciplinary connections.,positive
Created a learner-centered approach.,positive
Encouraged personal growth.,positive
Provided a balanced perspective.,positive
Used effective storytelling.,positive
Provided step-by-step instructions.,positive
Encouraged lifelong learning.,positive
Emphasized continuous improvement.,positive
Used real-time examples.,positive
Fostered a sense of community.,positive
Encouraged student-led discussions.,positive
Provided a holistic learning experience.,positive
The lecture was disorganized.,negative
The slides were unclear.,negative
The pace was too fast.,negative
The lecturer was hard to understand.,negative
The content was not relevant.,negative
The examples were confusing.,negative
The room was too noisy.,negative
The lecture was boring.,negative
The lecturer was unprepared.,negative
There was too much information.,negative
The explanations were vague.,negative
The lecturer didn't engage with students.,negative
The lecture was repetitive.,negative
The content was outdated.,negative
The lecturer read from the slides.,negative
The room was too cold.,negative
The lecture started late.,negative
The lecture ended early.,negative
The microphone didn't work properly.,negative
The lecturer was monotone.,negative
The visuals were poor quality.,negative
The lecture was too technical.,negative
The lecturer didn't answer questions.,negative
The lecture lacked structure.,negative
The content was too basic.,negative
The lecture was off-topic.,negative
The lecturer was dismissive.,negative
The handouts were missing.,negative
The lecture was too long.,negative
The lecturer was condescending.,negative
The lighting was too dim.,negative
The lecturer's handwriting was illegible.,negative
The lecture was not interactive.,negative
The lecturer was rude.,negative
The examples were irrelevant.,negative
The room was too hot.,negative
The lecture was hard to follow.,negative
The lecturer didn't provide notes.,negative
The lecture was poorly organized.,negative
The lecturer spoke too softly.,negative
The content was too complex.,negative
The lecture was not engaging.,negative
The lecturer was unapproachable.,negative
The lecture lacked depth.,negative
The lecturer was biased.,negative
The slides were cluttered.,negative
The lecture was too simplistic.,negative
The lecturer didn't summarize key points.,negative
The lecture was poorly timed.,negative
The lecturer was distracted.,negative
The examples were poorly chosen.,negative
The lecture was too abstract.,negative
The lecturer was not knowledgeable.,negative
The lecture was hard to hear.,negative
The content was repetitive.,negative
The lecturer didn't use visuals.,negative
The lecture was too theoretical.,negative
The lecturer didn't make eye contact.,negative
The lecture was not well-prepared.,negative
The lecturer was boring.,negative
The room was too bright.,negative
The lecture was not applicable.,negative
The lecturer was late.,negative
The lecture had too many tangents.,negative
The lecturer was unenthusiastic.,negative
The content was not well-explained.,negative
The lecturer didn't engage the audience.,negative
The lecture was poorly delivered.,negative
The lecturer was unresponsive.,negative
The lecture was too detailed.,negative
The lecturer was too casual.,negative
The content was too difficult.,negative
The lecturer didn't provide context.,negative
The lecture was too formal.,negative
The lecturer didn't provide examples.,negative
The lecture was confusing.,negative
The lecturer was too critical.,negative
The lecture lacked enthusiasm.,negative
The lecturer was unclear.,negative
The lecture was uninteresting.,negative
The lecturer was inconsistent.,negative
The lecture was too rigid.,negative
The lecturer was unprofessional.,negative
The content was not practical.,negative
The lecturer was too opinionated.,negative
The lecture was too short.,negative
The lecturer didn't encourage participation.,negative
The lecture was irrelevant.,negative
The lecturer was unorganized.,negative
The lecture was not engaging.,negative
The lecturer was too focused on details.,negative
The lecture was poorly paced.,negative
The lecturer was too theoretical.,negative
The content was not applicable.,negative
The lecturer was too vague.,negative
The lecture was too fragmented.,negative
The lecturer was unmotivated.,negative
The lecture was not interactive.,negative
The lecturer didn't use real-world examples.,negative
The lecture was too dry.,negative
The lecturer was too fast-paced.,negative
The lecture lacked clarity.,negative
The lecturer didn't provide feedback.,negative
The lecture was not well-researched.,negative
The lecturer was too technical.,negative
The lecture was too simplistic.,negative
The lecturer was too disorganized.,negative
The lecture lacked coherence.,negative
The lecturer didn't summarize the lecture.,negative
The lecture was too focused on theory.,negative
The lecturer didn't provide enough detail.,negative
The lecture was not well-structured.,negative
The lecturer was too slow.,negative
The lecture was not engaging.,negative
The lecturer was too general.,negative
The lecture lacked practical examples.,negative
The lecturer was too focused on slides.,negative
The lecture was not dynamic.,negative
The lecturer didn't encourage questions.,negative
The lecture was too one-sided.,negative
The lecturer was too focused on facts.,negative
The lecture was not well-paced.,negative
The lecturer was too formal.,negative
The lecture lacked depth.,negative
The lecturer didn't engage the class.,negative
The lecture was too brief.,negative
The lecturer was too detached.,negative
The lecture was not engaging.,negative
The lecturer was too focused on theory.,negative
The lecture lacked interaction.,negative
The lecturer was too focused on details.,negative
The lecture was too one-dimensional.,negative
I couldn't understand the lecture well.,negative
The lecture was boring.,negative
I needed to clarify many things.,negative
It was not clear during my lecture.,negative
Lecture content was disorganized.,negative
Explanations were vague and unclear.,negative
Too much reliance on slides without elaboration.,negative
Interaction with students was minimal.,negative
Limited opportunity for questions and discussions.,negative
Key concepts were not adequately covered.,negative
The pace of the lecture was too fast.,negative
Practical examples were lacking.,negative
The professor's responses to queries were unsatisfactory.,negative
There was a lack of engagement from the professor.,negative
The lecture lacked structure and coherence.,negative
Important topics were glossed over.,negative
The professor's examples were irrelevant or confusing.,negative
No real-world applications were provided.,negative
The lecture failed to address common student difficulties.,negative
The professor did not adapt to students' understanding levels.,negative
Audio/visual aids were poor or malfunctioning.,negative
The pace was either too slow or too hurried.,negative
Handouts or supplementary materials were inadequate.,negative
Follow-up resources or readings were not suggested.,negative
The professor seemed unprepared or disorganized.,negative
Engagement strategies were ineffective or nonexistent.,negative
Key points were repeated without adding value.,negative
The lecture did not build on prior knowledge effectively.,negative
There was no clear summary or recap at the end.,negative
Student participation was not encouraged.,negative
Technical issues were not addressed promptly.,negative
The professor did not check for understanding.,negative
The lecture did not address diverse learning styles.,negative
There was a lack of clarity in the assignment or exam instructions.,negative
I was unable to follow up with the lecture.,negative
The course materials were not provided at the beginning.,negative
It was very difficult to follow up the lecture.,negative
The Professor was inaudible and it was very difficult to follow up the lecture.,negative
Lectures are insanely boring.,negative
Main issue is that there is no preparation for the midterm and final. ,negative
"As there is negative feedback in the class, unless you attend special sessions.",negative
The class was bad.,negative
There were no regular quizzes or tests.,negative
We haven't even got a practice test for mid-term and final exam.,negative
Every project given in the class were tried and failed.,negative
There is no need to go for the lecture as the contents can be learned from the online as well.,negative
His lectures can get a bit boring with just the way he talks.,negative
Lectures were dull and hard to follow.,negative
Presentation slides are not organized properly and it was very hard to learn from the slides.,negative
It is very difficult to take the notes in the class.,negative
His presentation is not good enough to follow the lecture. ,negative
Do not take this class if you want a professor who respects his students.,negative
The mid term and final exams were really hard and sometimes it feels like got lost.,negative
He usually don't teach the material in depth and h9is lectures were boring.,negative
Her lectures were dry.,negative
"To my opinion, the lectures are not helpful in learning the subject.",negative
The assignments were really hard to pass.,negative
I don't like the way that this professor is teaching.,negative
The class was very dull and I don't recommend the future students to take this class if they are looking for a good GPA.,negative
The lectures could have been more explanatory.,negative
The lectures were sometimes annoying due to the language of the professor.,negative
We could not finish the lectures on time.,negative
The presentation slides fonts are annoying to read.,negative
The presentation slide diagrams were not clear enough.,negative
The professor does not hear the feedbacks of the students. ,negative
Most part of the lectures covered with advice and I think that is not appropriate for a university like lecture series. ,negative
I don't understand the most of the lectures since it was so complicated by the professor.,negative
The professor made the subject more complicated.,negative
The professor was not accessible after lectures.,negative
I could not make any clarifications about the lectures during the lecture.,negative
